英語,品詞,意味
a,[冠],1つの，1人の
a.m.,[副],午前
aaahhh,[間],うわあ
able,[形],（～する）能力のある
Aboriginal,[形],アボリジニの
about,[前],～について → how
about,[副],およそ，約
above,[前],～より上に［へ］
abroad,[副],外国に［で］
according,[前],〔according to ～で〕～によると
across,[前],～を横切って
active,[形],活動している
activity,[名],活動
actor,[名],俳優
actress,[名],女優
actually,[副],実際は，じつは
Adams,[名],アダムズ（姓）
add,[動],～を加える
addition,[名],追加
address,[名],住所
admire,[動],～を賞賛する，崇拝する
Adolph,[名],『アドルフに告ぐ』
adult,[名] [形],大人（の）
adventure,[名],冒険
advice,[名],忠告，助言
afraid,[形],怖がって，恐れて
Africa,[名],アフリカ
after,[前],～のあとに
after,[前],毎～ → night
after,[前],～にちなんで
after,[接],～したあとに［で］
afternoon,[名],午後
again,[副],もう1度，ふたたび
against,[前],～に対抗して
Agatha,[名],アガサ（女の人の名）
age,[名],年齢，年
ago,[副],（今から）～前に
agree,[動],賛成する，同意する
ah,[間],〔驚きなどの声で〕あっ
air,[名],空気
airport,[名],空港
albatross,[名],アホウドリ
alive,[形],生きた状態で
all,[形],すべての，ずっと → day
all,[副],まったく，すっかり
all,[代],あらゆる人［もの］
Allie,[名],アリー（女の人の名）
almost,[副],ほとんど，もう少しで
along,[前],～に沿って
already,[副],もう，すでに
also,[副],～もまた
although,[接],～だけれども
always,[副],いつでも，常に
am,[動],（わたしは）～である，～です
am,[助],〔am ～ing で〕（わたしは）～している
am,[助],〔am ＋過去分詞形で受け身を表す〕
amazing,[形],驚くべき
America,[名],アメリカ合衆国
American,[形],アメリカ（人）の
among,[前],～の間で
an,[冠],1つの，1人の〔母音で始まる語の前で〕
ancestral,[形],先祖の
anchor,[名],ニュースキャスター
ancient,[形],古代の
and,[接],そして，～と～
and,[接],〔動詞を結んで〕
Andrew,[名],アンドリュー（男の人の名）
angry,[形],怒っている
animal,[名],動物
animated,[形],アニメの
animation,[名],アニメーション
anime,[名],アニメ
Annabel,[名],アナベル（女の人の名）
anniversary,[名],記念日，～周年
announcer,[名],アナウンサー
another,[形],もう1つの，別の
another,[代],別のもの［人］
answer,[動],（～に）答える
antarctic,[形],南極（圏）の
any,[形],〔疑問文で〕何か，いくつかの
any,[形],〔否定文で〕少しも，1つも
any,[形],〔通例肯定文で〕どれでも，どんな～でも
anymore,[副],〔否定文・疑問文で〕今ではもう～でない，もはや～でない
anyone,[代],だれでも
anything,[代],〔否定文で〕何も（～ない）
anything,[代],何でも
appear,[動],現れる
apple,[名],リンゴ
April,[名],4月
apron,[名],エプロン
aquarium,[名],水族館
are,[動],～である，～です
are,[動],～にいる，～にある
are,[助],〔are ～ing で〕～している
are,[助],〔are＋過去分詞形で受け身を表す〕
area,[名],地域，地方
aren't,,← are not
Arkansas,[名],アーカンソー州
arm,[名],腕，〔イカなどの〕触手
around,[前],～ぐらい，およそ～
around,[前],～の近くに
around,[前],～のあちこちを
around,[前],～のまわりに
around,[副],回って
arrive,[動],到着する
art,[名],美術（教科名）
art,[名],美術，芸術
article,[名],記事
as,[接],→ such
as,[接],（～する）ように
as,[副] [接],〔as ～ as ... で〕…と同じくらい～
as,[前],～として
Asia,[名],アジア
ask,[動],～に頼む
ask,[動],～にたずねる
asleep,[形],眠っている
Astro,[名],アトム（キャラクターの名前）
astronaut,[名],宇宙飛行士
at,[前],〔関連を示して〕～の点で，～に関して
at,[前],〔時・時刻を示して〕～（時）に
at,[前],〔方向・目標を示して〕～に向かって
at,[前],〔場所・位置を示して〕～で，～に
ate,[動],eat の過去形
athlete,[名],運動選手
attach,[動],～を添付する
attack,[動],～を攻撃する
attend,[動],～に出席する
attention,[名],注意，注目
attic,[名],屋根裏（部屋）
August,[名],8月
aunt,[名],おば
Australia,[名],オーストラリア
average,[形],平均の
away,[副],離れて
awesome,[形],すばらしい
baby,[名],赤ん坊
back,[副],（元のところに）戻って，帰って
back,[副],元の場所へ
back,[副],（返答・返信などを）返して
back,[名],背（中）
back,[名],後部，奥
bad,[形],悪い
badminton,[名],バドミントン
bag,[名],バッグ，かばん
bait,[名],（釣り針・わなにつける）えさ
baker,[名],パン屋
balance,[名],バランス
ball,[名],ボール
Bangladesh,[名],バングラデシュ
bank,[名],銀行
bark,[動],ほえる
baseball,[名],野球
basic,[形],基本的な
basketball,[名],バスケットボール
bath,[名],ふろ，入浴
bathhouse,[名],浴場
batter,[名],バッター
be,[動],～である，～になる，～にいる［ある］（am，are，is の原形）
beautiful,[形],美しい
beauty,[形],美容の
became,[動],become の過去形
because,[接],なぜなら～，～なので
Becky,[名],ベッキー（女の人の名）
become,[動],～になる
become,[動],become の過去分詞形
bed,[名],ベッド
bedtime,[名],就寝時間
beef,[名],牛肉
been,[動],be の過去分詞形
before,[前],〔時間〕～の前に
before,[副],以前に
began,[動],begin の過去形
begin,[動],（～を）始める
beginning,[名],始まり
behind,[前],～の後ろの［に］
believe,[動],～を信じる
bell,[名],鐘
below,[前],～より下に［へ］
belt,[名],ベルト
bench,[名],ベンチ，長いす
bento,[名],弁当
best,[名],〔手紙などで〕よろしくというあいさつ
best,[名],全力
best,[形],最もよい
best,[副],最もよく
better,[副],よりよい
between,[前],～の間に
Bhutan,[名],ブータン
big,[形],大きい
big,[形],たいへんな
bike,[名],自転車
Bill,[名],ビル（男の人の名）
bill,[名],紙幣
bird,[名],鳥
birthday,[名],誕生日
bitter,[形],苦い
black,[名] [形],黒色，黒い
blackboard,[名],黒板
blind,[形],目の不自由な
blindfold,[名],目隠し
blue,[名] [形],青色，青い
boat,[名],ボート
Bob,[名],ボブ（男の人の名）
bob,[動],口でくわえる
bomb,[名],爆弾
bomber,[名],爆撃機
book,[名],本
bookstore,[名],書店
boom,[名],ブーム
boomerang,[名],ブーメラン
bored,[形],退屈した
born,[動],〔be born で〕生まれる
borrow,[動],～を借りる
both,[代],両方
bottom,[名],底
bought,[動],buy の過去形
box,[名],箱
boy,[名],少年
brave,[形],勇敢な
bravely,[副],勇敢に
Brazil,[名],ブラジル
bread,[名],パン
break,[名],休み，休暇
break,[動],～を壊す，割る
breakfast,[名],朝食
bridge,[名],橋
bring,[動],～を持ってくる
broke,[動],break の過去形
broken,[動],break の過去分詞形
brother,[名],兄弟，兄，弟
brought,[動],bring の過去形
buffet,[名],ビュッフェ
build,[動],（機械類）を組み立てる
build,[動],～を建てる，（橋）をかける
building,[名],建物
built,[動],build の過去分詞形
burger,[名],ハンバーガー
bus,[名],バス
busy,[形],にぎやかな
busy,[形],忙しい
but,[接],しかし，ところが
butter,[名],バター
button,[名],ボタン
buy,[動],～を買う
by,[前],～のそばに［で，の］
by,[前],〔手段などを表して〕～によって
by,[前],～までに（は）
by,[前],〔受け身の文で行為者を表す〕～によって
cafeteria,[名],カフェテリア，食堂
cage,[名],おり
Cairns,[名],ケアンズ（オーストラリアの都市）
cake,[名],ケーキ
California,[名],カリフォルニア州（アメリカの1州）
call,[動],～を…と呼ぶ
call,[動],～に電話をかける
call,[動],大声で呼ぶ
calm,[動],～を静める，落ち着かせる
came,[動],come の過去形
camera,[名],カメラ
camp,[名],（捕虜などの）強制収容所
camp,[名],キャンプ
camping,[名],キャンプ
can,[助],～することができる
can,[助],〔許可を求めて Can I ～? で〕～してもいいですか。
can,[助],～することがある
can,[助],〔何かを申し出て Can I ～? で〕～しましょうか。
can,[名],缶
can't,,← cannot
Canada,[名],カナダ
candle,[名],ろうそく
candy,[名],キャンディ
cannot,,← can't
cap,[名],（縁なしの）帽子
captain,[名],キャプテン
captain,[名],船長
car,[名],自動車
car,[名],鉄道車両
care,[名],世話
careful,[形],注意深い，気をつける
carpenter,[名],大工
carpet,[名],じゅうたん
carry,[動],～を運ぶ
cartoonist,[名],マンガ家
case,[名],事件
case,[名],場合
castle,[名],城
cat,[名],ネコ
catch,[名],キャッチボール
catch,[動],～をつかまえる，捕らえる
catch,[動],～を引きつける
catch,[動],～を捕らえる
Catherine,[名],キャサリン（女の人の名）
Cathy,[名],キャシー（女の人の名）
cattle,[名],家畜
caught,[動],catch の過去形
caught,[動],catch の過去分詞形
cause,[名],原因
CD,[名],CD
cellphone,[名],携帯電話
cent,[名],セント
center,[名],（施設としての）センター
center,[名],（場所の）中央，まん中
champion,[名],優勝者
chance,[名],チャンス，好機
change,[動],乗り換える
change,[動],かわる，～をかえる
character,[名],登場人物
charge,[動],～を充電する
charity,[名],慈善，チャリティー
cheap,[形],安い
cheer,[動],声援する
cheer,[動],元気づける
cheese,[名],チーズ
cheeseburger,[名],チーズ・バーガー
chef,[名],シェフ，コック長
chest,[名],胸
chick,[名],ひな
child,[名],子ども
child-raising,[名],子育て
children,[名],child の複数形
China,[名],中国
Chinatown,[名],中華街
Chinese,[名],中国語［人］
Chinese,[形],中国の
chip,[名],（食べ物の）薄切り
chocolate,[名],チョコレート
choose,[動],～を選ぶ
Chris,[名],クリス（男の人の名）
Christmas,[名],クリスマス
church,[名],教会，聖堂
cinnamon,[名],シナモン
circle,[名],範囲，領域
city,[名],都市，市
city,[名],都会
class,[名],授業
classmate,[名],クラスメート，同級生
classroom,[名],教室
clean,[動],～を掃除する
clean,[形],きれいな，清潔な
clear,[形],はっきりした
clerk,[名],店員
climb,[動],～に登る
clock,[名],時計
close,[副],近くに
close,[動],～を閉じる
close,[形],〔空間・時間的に〕近い
clothes,[名],衣服
cloudy,[形],曇った
club,[名],クラブ，同好会
coat,[名],コート，上着
coffee,[名],コーヒー
cold,[形],寒い，冷たい
cold,[名],風邪
collect,[動],～を集める
collection,[名],収集
color,[名],色
colorful,[形],色とりどりの
come,[動],来る
comic,[形],マンガの
comic,[名],マンガ
common,[形],一般的な
communication,[名],コミュニケーション
community,[名],地域社会
company,[名],会社
compete,[動],競争する
competition,[名],競技会，コンテスト
computer,[名],コンピュータ
conceited,[形],うぬぼれた
concert,[名],コンサート
confused,[形],混乱した
connect,[動],～をつなぐ
continue,[動],～を続ける
convenience,[名],便利
cook,[動],（～を）料理する
cook,[名],料理人
cookie,[名],クッキー
cooking,[名],料理
cool,[形],かっこいい，すてきな
cool,[形],すずしい
corner,[名],かど
costume,[名],衣装
could,[助],〔Could you ～? で〕～してくださいますか。
could,[助],can の過去形
couldn't,,← could not
count,[動],（～を）数える
country,[名],国
country,[名],田園，いなか
courage,[名],勇気
course,[名],〔of course で〕もちろん
cousin,[名],いとこ
create,[動],～を創造する
creature,[名],生物
cry,[動],泣く
cuisine,[名],料理（法）
culture,[名],文化
cup,[名],カップ，茶わん
cure,[動],（人・病気）を治す
curry,[名],カレー
cut,[動],～を切る
cute,[形],かわいい
cycle,[名],周期
dad,[名],お父さん
daddy,[名],お父さん
daily,[形],毎日の
dance,[動],（～を）踊る
dance,[名],ダンス，踊り
dangerous,[形],危険な
dark,[形],暗い
darkness,[名],暗闇
darling,[名],いとし子
day,[名],日，1日 → each，every
dead,[形],死んだ
dear,[形],〔手紙の書き出しで〕親愛なる
dearest,[名],最愛の人
death,[名],死
Debbie,[名],デビー（女の人の名）
December,[名],12月
decide,[動],（～しようと）決心する
decision,[名],決断
deep,[形],深い
delicate,[形],（味などが）ほのかな
delicious,[形],おいしい
dentist,[名],歯科医
depth,[名],深さ，〔the をつけて〕深い所
design,[動],～を設計する
designer,[名],デザイナー
desk,[名],机
detective,[名],刑事
develop,[動],発達する
developed,[形],発達した
diary,[名],日記
dictionary,[名],辞書
did,[助] [動],do，does の過去形
didn't,,← did not
die,[動],死ぬ
different,[形],異なった
difficult,[形],難しい，困難な
difficulty,[名],困難
dig,[動],～を掘る
dinner,[名],ディナー（1日で最も主要な食事），夕食
dirty,[形],汚い
disappointed,[形],がっかりした
discover,[動],～を発見する
discussion,[名],討議，討論
disease,[名],（重度の）病気
dish,[名],料理
dish,[名],皿
distance,[名],距離
do,[動],〔疑問文に対する答えの文などで，同じ動詞を繰 り返す代わりに使う〕
do,[動],～をする，行う
do,[助],〔疑問文・否定文で〕
doctor,[名],医者，博士
doctor,[名],→ see
does,[助],〔疑問文・否定文で〕
doesn't,,← does not
dog,[名],イヌ
doll,[名],人形
dollar,[名],ドル
dolphin,[名],イルカ
don't,,← do not
donation,[名],寄付金
done,[動],do の過去分詞形
donkey,[名],ドンキー（ダブルダッチの技の名前）
door,[名],ドア，門戸
down,[副],〔動きを示して〕下に［へ］→ count，go，sit
down,[副],完全に，すっかり → melt
down,[前],～の下（方）へ［に］
Dr.（＝doctor）,[名],医者，博士
drank,[動],drink の過去形
draw,[動],（絵・円・マンガ）を描く
drawn,[動],draw の過去分詞形
dream,[名],夢
dream,[動],夢見る
dress,[名],衣装
drew,[動],draw の過去形
drink,[名],飲みもの
drink,[動],飲む
drugstore,[名],薬局
drum,[名],ドラム，太鼓
dry,[形],乾燥した，雨が少ない
dumpling,[名],団子
during,[前],～の間に
DVD,[名],DVD
dynamite,[名],ダイナマイト
each,[形],それぞれの
each,[代],それぞれ
eager,[形],熱心な
ear,[名],耳
early,[副],早く
earthquake,[名],地震
east,[名],〔通例 the ～で〕東，東方
easy,[形],やさしい，簡単な
eat,[動],（～を）食べる
eaten,[動],eat の過去分詞形
economy,[名],経済
education,[名],教育
educational,[形],教育的な
Edward,[名],エドワード（男の人の名）
effect,[名],影響
effort,[名],努力
egg,[名],卵
eight,[名] [形],8（の）
eighteen,[名] [形],18（の）
eighth,[名] [形],8日，8番め（の）
eighty,[名] [形],80（の）
either,[副],〔否定文のあとで〕～もまた（…ない）
elementary,[形],初等の
elephant,[名],ゾウ
eleven,[名] [形],11（の）
eleventh,[名] [形],11日，11番め（の）
Elizabeth,[名],エリザベス（女の人の名）
Ellie,[名],エリー（女の人の名）
elm,[名],楡
Elmore,[名],エルモア（地名）
else,[副],ほかの［に］→ something
email,[動],～にE メールを送る
email,[名],E メール
Emily,[名],エミリー（女の人の名）
Emma,[名],エマ（女の人の名）
emperor,[名],皇帝
empty,[形],空の
encourage,[動],～を勇気づける
end,[名],終わり，結末
end,[動],終わる
engineer,[名],技術者
England,[名],イングランド（イギリスの一部）
English,[名],英語
English,[形],英語の
enjoy,[動],～を楽しむ
enough,[形],十分な
enough,[代],十分な量［数］
enter,[動],～に入る，入学する
environment,[名],環境
episode,[名],～回の話，～話
erase,[動],～を消す
escape,[動],～から逃げる
especially,[副],特に
etc.（＝et cetera）,,～など
even,[副],～でさえ，～でも
evening,[名],夕方，晩
event,[名],イベント，行事
ever,[副],これまでに
ever,[副],〔否定を強めて〕絶対に，どんなことがあっても
every,[形],〔単数形の名詞につけて〕毎～，すべての
every,[形],～ごとに
everybody,[代],だれでも，あらゆる人
everyday,[形],毎日の
everyone,[代],みんな，だれでも
everything,[代],何もかも，何でもみんな
everywhere,[副],どこでも，いたるところで
evil,[形],邪悪な
exact,[形],正確な
exactly,[副],まさにそのとおりです
exam,[名],試験
example,[名],例
excited,[形],興奮した，わくわくした
exciting,[形],わくわくさせる，おもしろい
excuse,[動],～を許す
exhibition,[名],展示
expensive,[形],高価な
experience,[動],～を経験する，～を体験する
experience,[名],経験，体験
explain,[動],～を説明する
expression,[名],表現
extremely,[副],極めて
eye,[名],目
eyesight,[名],視力
face,[名],顔
face,[動],～に立ち向かう
fact,[名],事実
factory,[名],工場
fairy,[名],妖精
fall,[名],秋
fall,[動],落ちる
fall,[動],（ある状態に）なる
family,[名],家族
famous,[形],有名な
fan,[名],ファン
far,[形],（距離が）遠い
farmer,[名],農民，農場主
fascinate,[動],～を魅了する
fast,[副],速く
fast,[形],速い，高速の
fast,[動],絶食する
fasting,[名],断食
father,[名],父
fault,[名],短所，誤り
favorite,[形],お気に入りの，大好きな
feather,[名],羽
February,[名],2月
feel,[動],〔feel＋形容詞で〕～と感じる
feel,[動],～を感じる
feeling,[名],感情，気持ち
feet,[名],foot の複数形
fell,[動],fall の過去形
felt,[動],feel の過去形
female,[形],女性の
ferret,[名],フェレット
festival,[名],祭り
fever,[名],熱
few,[形],ほとんど～ない
field,[名],競技場，球場
fifteen,[名] [形],15（の）
fifth,[名] [形],5日，5番め（の）
fifty,[名] [形],50（の）
fight,[動],戦う
fight,[名],戦い
figure,[動],～と思う
figure,[名],図表
film,[動],～を撮影する
final,[名],決勝戦
finally,[副],最終的に，最後に，ついに
find,[動],～を見つける
fine,[形],けっこうな，申し分のない
finish,[動],～を終える
Finland,[名],フィンランド
Finnish,[形],フィンランド（人）の
fire,[名],火，火災
first,[名] [形],1日，1番め（の），最初の
first,[副],まず第1に，最初に
fish,[名],魚
fisherman,[名],漁師
fishermen,[名],fisherman の複数形
fishing,[名],つり → go
five,[名] [形],5（の）
flame,[名],炎
floor,[名],床
flour,[名],小麦粉
flower,[名],花，草花
fluently,[形],流ちょうに
fly,[動],飛ぶ
folk,[形],民族の，伝統的な
follow,[動],～に従う
follow,[動],～のあとについて行く
food,[名],食品，食べもの
foot,[名],足
foot,[名],〔長さの単位，1フィートは約30.48cm〕
football,[名],フットボール，〔イギリスで〕サッカー
for,[前],〔目的〕～のために［の］
for,[前],～に関して
for,[前],〔理由〕～で，～のために
for,[前],〔方向〕～に向かって
for,[前],〔期間〕～の間
for,[前],～にとって
for,[前],～用の
for,[前],～を求めて
force,[動],～を強制する
forced,[形],強制された
foreign,[形],外国の
forever,[副],永遠に
forget,[動],（～を）忘れる
fork,[名],フォーク
form,[動],～を結成する
forty,[名] [形],40（の）
forward,[副],〔時間的に〕先に，将来に
found,[動],find の過去形
found,[動],～を創設する
four,[名] [形],4（の）
four-holed,[形],4個穴のあいた
fourteen,[名] [形],14（の）
fourth,[名] [形],4日，4番め（の）
France,[名],フランス
free,[形],（時間が）自由な，空いている，（人が）ひまな
free,[動],解放する，自由にする
French,[形],フランス語の
Friday,[名],金曜日
friend,[名],友だち
friendly,[形],人なつこい，気さくな
Frog,[名],〔物語の主人公の名〕カエルくん
from,[前],〔出所〕～から，～出身の
from,[前],〔判断の根拠〕～から見て
from,[前],〔場所〕～から
from,[前],〔時間〕～から
from,[前],〔原料・材料〕～から
front,[形],前の，正面の
front,[名],前方，正面
fruit,[名],くだもの
frustrated,[形],フラストレーションを感じて，ストレスがたまった
full,[形],いっぱいの，満腹で
fun,[名],楽しさ，おもしろさ
fun,[形],楽しみをあたえてくれる
funny,[形],おもしろい
future,[名],未来
game,[名],試合
game,[名],ゲーム，遊び
garden,[名],庭，〔しばしば～s で〕公園
gate,[名],門
gather,[動],集まる
gave,[動],give の過去形
gentle,[形],穏やかな，温和な
gentleman,[名],紳士，男性
gentlemen,[名],gentleman の複数形
German,[形],ドイツの
German,[名],ドイツ人
German,[名],ドイツ語
Germany,[名],ドイツ
Gestapo,[名],ゲシュタポ（ナチス・ドイツの秘密国家警察）
gesture,[名],身ぶり，ジェスチャー
get,[動],〔ある状態に〕なる
get,[動],（場所に）着く
get,[動],～を得る，もらう，手に入れる，買う
get,[動],～を捕まえる
get,[動],～を（…の状態）にする
giant,[形],巨大な
gift,[名],贈りもの
girl,[名],少女
give,[動],（～を）あたえる
given,[動],give の過去分詞形
glad,[形],うれしい
glass,[名],ガラス
glass,[名],〔glasses で〕メガネ
go,[動],行く → bed
go,[動],〔be going to ～で〕～するつもり［予定］です
gold,[名],金
goldfish,[名],金魚
golf,[名],ゴルフ
gone,[動],go の過去分詞形
gone,[形],なくなった
good,[形],よい，望ましい
good,[形],上手な
good,[形],おいしい
goodbye,[間],さようなら，それじゃまたね
goods,[名],商品，品物
gosh,[間],〔軽いののしり，驚きなどを表して〕えっ
got,[動],get の過去形
government,[名],政府
gradually,[副],徐々に
granddaughter,[名],孫娘
grandfather,[名],祖父
grandma,[名],おばあちゃん
grandmother,[名],祖母
grandpa,[名],おじいちゃん
grandparent,[名],祖父，祖母，祖父母
gray,[形],灰色の
great,[形],すばらしい，すてきな
greatly,[副],大いに
green,[名] [形],緑色（の）
Green,[名],グリーン（姓）
groomer,[名],トリマー
ground,[名],地面
groundwater,[名],地下水
group,[名],団体，グループ
grow,[動],～を育てる
grow,[動],伸びる
grow,[動],成長する，～になる
grown,[動],grow の過去分詞形
guide,[名],案内人，ガイド
guidebook,[名],ガイドブック
guitar,[名],ギター
gym,[名],体育館
habitat,[名],生息地
had,[動],have，has の過去形
had,[動],have，has の過去分詞形
haiku,[名],俳句
hair,[名],髪
half,[名],半分
hall,[名],ホール，広間
Halloween,[名],ハロウィーン
hamster,[名],ハムスター
hand,[名],手
hand,[名],（援助の）手，手助け
handkerchief,[名],ハンカチ
happen,[動],（～が）起こる，生じる
happiness,[名],幸福
happy,[形],うれしい，幸せな
hard,[副],懸命に
hard,[形],難しい
hard,[形],固い
hard,[形],熱心な
hardship,[名],苦難
hard-working,[形],よく働く
harness,[名],ハーネス，胴輪
harvest,[名],収穫
has,[動],〔主語が人の名前／he ／she／it のときにhave の代わりに使う〕～を持っている，～がある
has,[動],〔has to ～で〕～しなければならない
has,[助],〔has＋過去分詞形で現在完了形を表す〕
hasn't,,← has not
hat,[名],（縁のある）帽子
hate,[動],～を嫌う
have,[動],～を持っている，所有している，～がある
have,[動],～を食べる，飲む
have,[動],～を経験する，過ごす → time
have,[動],（試合）をする，（パーティー）を行う
have,[動],〔have to ～で〕～しなければならない
have,[助],〔have＋過去分詞形で現在完了形を表す〕
haven't,,← have not
Hawaii,[名],ハワイ（アメリカの1州）
Hawaiian,[形],ハワイの
hay,[名],わら
he,[代],彼は［が］
he's,,← he is
head,[名],頭
headache,[名],頭痛
healthy,[形],健康的な
hear,[動],～（の声・音）が聞こえる，（～を）聞く
heard,[動],hear の過去形
heard,[動],hear の過去分詞形
heaven,[名],天国
held,[動],hold の過去分詞形
hello,[間],〔日常よく使うあいさつ〕こんにちは
hello,[間],〔電話で〕もしもし
help,[名],助け，援助
help,[動],～を手伝う，助ける
helpful,[形],役立つ
her,[代],彼女を［に］
her,[代],彼女の
here,[副],ここに，ここで，ここへ
here,[名],ここ
here's,,← here is
hero,[名],英雄，ヒーロー
hers,[代],彼女のもの
hey,[間],ねえ，やあ，ちょっと
hi,[間],〔軽いあいさつ〕こんにちは
hidden,[動],hide の過去分詞形
hide,[動],～を隠す
hide,[動],隠れる
high,[形],〔junior high school で〕中学校
high,[形],高い
high,[形],〔high school で〕高等学校
hiking,[名],ハイキング
hill,[名],丘
him,[代],彼を［に］
himself,[代],彼自身
his,[代],彼の
his,[代],彼のもの
history,[名],歴史
hit,[動],～を打つ，～にぶつかる
hit,[動],（～を）襲おそう
hit,[動],hit の過去形
hockey,[名],ホッケー
hold,[動],～を持つ，握る
hold,[動],（大会・祭り）を開く
hole,[名],穴
holiday,[名],休日，祝日
home,[副],自宅に［を］ → come，get，go
home,[名],家
homestay,[名],ホームステイ
hometown,[名],故郷の町
homework,[名],宿題
honest,[形],正直な
honey,[名],はちみつ
honor,[動],～に敬意を払う
hope,[名],希望
hope,[動],～と望む
hospital,[名],病院
host,[名],（客をもてなす）主人，ホスト
hot,[形],暑い，熱い
hotel,[名],ホテル
hour,[名],時間，1時間
house,[名],家
housework,[名],家事
how,[副],〔感想・提案・勧誘〕どうですか
how,[副],〔状態〕どんなふうで
how,[副],〔程度〕どれほど，どれくらい
how,[副],〔手段・方法・状態〕どのように
however,[副],しかし（ながら），けれども
hundred,[名] [形],100（の）
hungry,[形],空腹な
hurt,[動],痛む
I,[代],わたしは［が］
I'd,,← I would
I'll,,← I will
I'm,,← I am
I've,,← I have
ice,[名],氷
idea,[名],考え，意見
if,[接],もし～なら
illness,[名],病気
illustrator,[名],イラストレーター
import,[動],～を輸入する
importance,[名],重要性
important,[形],重要な，大切な
impression,[名],印象
improve,[動],～を向上させる
in,[前],〔場所・位置〕～（の中）に，～で
in,[前],〔ある期間・時間帯を示して〕～に
in,[前],〔手段・方法〕～で
in,[前],〔状態〕～にあって，～の状態で
in,[前],〔経過時間・所要時間〕～したら，～で
in,[前],〔範囲・限定・分野〕～に関して，～について
in,[前],〔着用〕～を着て
in,[副],〔場所・空間の〕中で［に］
including,[前],～を含む
increase,[動],～を高める，増やす
India,[名],インド
influence,[名],影響
information,[名],情報
injury,[名],けが
ink,[名],インク
insect,[名],昆虫
inside,[副],中に
inspire,[動],～を呼び起こす
interested,[形],興味のある
interesting,[形],おもしろい
international,[形],国際的な
Internet,[名],〔the をつけて〕インターネット
internship,[名],インターンシップ，就業体験
interpreter,[名],通訳者
interview,[動],インタビューする
interview,[名],インタビュー，会見
into,[前],"～の中に［へ］ → go, turn"
introduce,[動],～を紹介する
invent,[動],～を発明する
invite,[動],～を招待する
is,[動],～である，～です
is,[動],～にいる，～にある
is,[助],〔is ～ing で〕～している
is,[助],〔is ＋過去分詞形で受け身を表す〕
island,[名],島
isn't,,← is not
it,[代],〔すでに述べたものをさして〕それは［が］
it,[代],〔時・時刻・温度・天候などをさすが，ふつう訳さない〕
it,[代],それを［に］
it,[代],〔状況をさして〕
it,[代],〔It is ～ for － to ... の形で〕－が…するのは～だ
it'll,,← it will
it's,,← it is
its,[代],それの
jacket,[名],上着，ジャケット
jack-o'-lantern,[名],ジャック・オ・ランタン（カボチャちょうちん）
jam,[名],ジャム
James,[名],ジェームズ（男の人の名）
Jane,[名],ジェーン（女の人の名）
January,[名],1月
Japan,[名],日本
Japanese,[名],国語（教科名）
Japanese,[名],日本語
Japanese,[形],日本［人，語］の
Jenny,[名],ジェニー（女の人の名）
Jewish,[形],ユダヤ人の
Jim,[名],ジム（男の人の名）
Jin,[名],ジン（男の人の名）
job,[名],職，仕事
join,[動],～に参加する
Jones,[名],ジョーンズ（姓）
journalist,[名],ジャーナリスト
joy,[名],喜び
Judy,[名],ジュディ（女の人の名）
juice,[名],汁，ジュース
July,[名],7月
jump,[動],跳ぶ
jumper,[名],ジャンプ競技選手
June,[名],6月
junior,[形],中等の
just,[副],ただ，ちょっと，ほんの～にすぎない
just,[副],〔強意的に〕まさに，本当に
just,[副],ちょうど，～したばかり
keep,[動],ずっと～のままである，（状態を）保つ
kept,[動],keep の過去形・過去分詞形
Kevin,[名],ケビン（男の人の名）
kid,[名],子ども
kill,[動],～を殺す
kilometer,[名],キロメートル
kind,[形],親切な，やさしい
kind,[名],種類
king,[名],王
King,[名],キング（姓）
kingdom,[名],王国
Kit,[名],キティの略称
Kitty,[名],キティ（女の人の名Catherine などの愛称）
knee,[名],ひざ
knew,[動],know の過去形
Knicks,[名],〔the をつけて〕ニックス（チーム名）
knife,[名],ナイフ
knives,[名],knife の複数形
know,[動],（～を）知っている
known,[動],know の過去分詞形
Korea,[名],韓国
Korean,[名],韓国［朝鮮］語
Korean,[形],韓国［朝鮮］（語）の
lab（＝laboratory）,[名],研究所
labor,[名],労働
laborer,[名],労働者
lacrosse,[名],ラクロス
lady,[名],女性，婦人
language,[名],言語，～語
lantern,[名],ちょうちん
large,[形],大きな
last,[形],この前の
last,[形],最後の
last,[動],続く，もちこたえる
lastly,[副],最後に
late,[形],遅い
late,[副],〔時間的に〕遅く
later,[副],あとで
laugh,[動],笑う
lawyer,[名],弁護士
leader,[名],リーダー，指導者
leadership,[名],リーダーシップ，統率力
league,[名],リーグ，連盟
learn,[動],（～を）習う，学ぶ，教わる
leave,[動],（～を）去る，出発する
leave,[動],（伝言など）を残す
Lee,[名],リー（姓）
left,[名],左，左側
left,[動],leave の過去形
left,[副],左に［へ］→ turn
leg,[名],脚
lemon,[名],レモン（の実）
length,[名],長さ
Lenny,[名],レニー（女の人の名）
Leo,[名],レオ（名）
lesson,[名],教え，教訓
let,[動],→ try
letter,[名],手紙
library,[名],図書館
life,[名],生命，命
life,[名],生活，人生
light,[形],明るい
light,[名],光，電灯
like,[動],～を好む，好きである
like,[前],～のような［に］
like,[接],～と同じように，のように
line,[名],（電車の）～線
lion,[名],ライオン
listen,[動],聞く
little,[副],〔a littleで〕少し
little,[形],小さな
little,[形],わずかな，ほとんどない
live,[動],住む，住んでいる
live,[動],生きていく，暮らす
live,[形],生きている
lives,[名],life の複数形
living,[形],生きている
Liz,[名],リズ（女の人の名）
local,[形],地元の
lock,[動],～にカギをかける
London,[名],ロンドン（イギリスの首都）
long,[形],長い
long,[副],長く → how
look,[動],見る
look,[動],〔look＋形容詞で〕～のように見える
look,[名],見ること
lose,[動],～をなくす，失う
lose,[動],lose の過去形
lose,[動],（試合などで）負ける
lost,[形],失われた
lot,[副],〔a lot で〕たいへん，とても
lot,[名],〔a lot of ～で〕たくさんの～
lot,[名],〔a lot で〕たくさん
lot,[名],〔lots of ～で〕たくさんの～
loud,[形],（声が）大きい
loudly,[副],大声で
love,[動],～が大好きである，～を愛する
love,[名],愛
low,[形],低い
lucky,[形],幸運な
Lucy,[名],ルーシー（女の人の名）
lunch,[名],昼食，弁当
made,[動],make の過去形
made,[動],make の過去分詞形
magazine,[名],雑誌
mahimahi,[名],マヒマヒ（ハワイで食べる魚の名）
mailbox,[名],郵便ポスト，郵便受け
main,[形],主な，主要な
maintain,[動],～を維持する
make,[動],～をつくる
make,[動],（人・もの）を～にする
Malaysia,[名],マレーシア
male,[形],（動物の）オスの
man,[名],男の人
manager,[名],経営者，園長
manga,[名],（日本の）マンガ
many,[形],たくさんの → how
many,[名],多くの人［もの］
map,[名],地図
Marc,[名],マーク（名）（クレイグ・キールバーガーの兄。1977年～）
March,[名],3月
march,[動],行進する
Margaret,[名],マーガレット（女の人の名）
Margot,[名],マルゴー（女の人の名）
married,[形],結婚している
marry,[動],（～と）結婚する
Mary,[名],メアリー（女の人の名）
mask,[名],マスク，仮面
Massachusetts,[名],マサチューセッツ州（アメリカの1州）
match,[名],試合
math,[名],数学
Max,[名],マックス（ここではイヌの名）
may,[助],〔May I ～? で〕～してもよろしいですか。→ try
may,[助],～かもしれない
May,[名],5月
maybe,[副],ひょっとすると
MC（＝master of ceremonies）,[名],司会者，進行役
me,[代],わたしを［に］
me,[代],= I わたしは［が］
meadow,[名],牧草地
mean,[動],～を意味する
mean,[動],～をさして言う
mean,[形],意地の悪い
meaningful,[形],有意義な
media,[名],マスメディア，媒体
medical,[形],医学の
meet,[動],～に会う，～と知り合う
meet,[動],～と落ち会う
meeting,[名],会談
Meg,[名],メグ（女の人の名）
Mei,[名],メイ（女の人の名）
melon,[名],メロン
melt,[動],（固体など）を（熱で）溶かす
member,[名],一員，メンバー
memory,[名],記憶
message,[名],メッセージ
messenger,[名],使者
met,[動],meet の過去形
meter,[名],メートル
middle,[名],〔空間的・時間的な〕中間
midnight,[名],夜の12時
might,[助],～かもしれない
Mike,[名],マイク（男の人の名）
military,[形],軍の
milk,[名],牛乳
million,[名],100万
mine,[代],わたしのもの
Minh,[名],ミン（男の人の名）
Min-Jun,[名],ミンジュン（男の人の名）
minute,[名],〔時間の〕分
miss,[動],～がいなくてさびしい
miss,[動],～を逃す，捕らえそこねる
mistake,[動],～を間ちがえる
mistaken,[動],mistake の過去分詞形
mix,[動],～を混ぜる
mmm,[間],うーん
mom,[名],お母さん
moment,[名],瞬間
mommy,[名],お母さん
Monday,[名],月曜日
money,[名],お金
monster,[名],怪物
month,[名],〔年月の〕月，1か月
monument,[名],記念碑
moon,[名],月
more,[名],もっと多くのもの［こと，人］
more,[副],〔形容詞などの前につけて〕もっと，いっそう
more,[副],〔more than＋数字で〕～以上
more,[副],〔動詞にかかって〕もっと
morning,[名],朝，午前
most,[副],〔形容詞などの前につけて〕最も，いちばん
most,[形],たいていの
mother,[名],母
motorcycle,[名],オートバイ
mountain,[名],山
mouth,[名],口
move,[動],動く，移動する
move,[動],感動させる
movie,[名],映画
Mr.,[名],～さん〔男の人の姓・姓名につける敬称〕
Mrs.,[名],～さん〔既婚の女の人の姓・姓名につける敬称〕
Ms.,[名],～さん〔女の人の姓・姓名につける敬称〕
Mt.（＝Mount）,[名],～山
much,[副],たいへん，たくさん
much,[形],たくさんの → how
much,[名],たくさん
museum,[名],博物館，美術館
music,[名],音楽
musician,[名],音楽家，ミュージシャン
must,[助],～しなければならない
must,[助],～にちがいない
mustn't,,← must not
my,[代],わたしの
myself,[代],わたし自身
nail,[名],つめ
name,[名],名前，氏名
name,[動],～を名づける
Nancy,[名],ナンシー（女の人の名）
national,[形],国の
natural,[形],自然の
naturally,[副],自然に
navigation,[名],航海
near,[前],～の近くに
near,[形],近い，近くの
nearby,[副],すぐ近くに
nearly,[副],ほとんど，だいたい
necessary,[形],必要な
need,[動],～を必要とする
need,[名],必要
neighbor,[名],隣人
neighborhood,[名],近隣の人々
Nepal,[名],ネパール
nervous,[形],緊張して
never,[副],決して～ない
new,[形],新しい
news,[名],〔the をつけて〕ニュース
newspaper,[名],新聞
next,[形],次の，今度の
next,[形],となりの
next,[副],次に
nice,[形],よい，すてきな
Nick,[名],ニック（男の人の名）
nickname,[名],愛称
night,[名],夜
Nikki,[名],ニッキー（女の人の名）
nine,[名] [形],9（の）
nineteen,[名] [形],19（の）
ninety,[名] [形],90（の）
ninth,[名] [形],9日，9番め（の）
no,[副],〔返事で〕いいえ
no,[形],何も～ない，だれも～ない
noise,[名],騒音
noisy,[形],さわがしい，うるさい
noodles,[名],めん類
noon,[名],正午
north,[名],〔通例 the ～で〕北，北方
not,[副],〔打ち消しで〕～でない
notebook,[名],ノート
nothing,[代],何も～ない
novel,[名],小説
November,[名],11月
now,[副],今（では）
now,[副],〔相手に対して〕さて，さあ
number,[名],数，数字
nurse,[名],看護師
nursery,[名],保育園
o'clock,[副],～時
object,[名],物，物体
obstacle,[名],障害物
occupation,[名],職業
ocean,[名],〔the をつけて〕大洋，海
October,[名],10月
octopus,[名],タコ
of,[前],～の
of,[前],～のうちの［で］
off,[副],～から（離れて）
offer,[動],～を提供する
office,[名],診療室，事務所
officer,[名],公務員
often,[副],しばしば
oh,[間],〔驚きなどで〕ああ
oh,[間],おお，おや
OK,[副] [間],〔承知〕わかりました
okay,,#NAME?
Okinawan,[形],沖縄の，沖縄の人の
old,[形],古い，年寄りの
old,[形],（年齢が）～か月で，～歳で，（ものが）～の古さで
on,[前],（チーム）に入って
on,[前],〔場所・位置〕～（の上）に
on,[前],〔日・曜日〕～に
on,[前],（テレビ・電話）で
once,[副],かつて
once,[副],一度
one,[名] [形],1（の）
one,[名] [形],ある～
one,[代],〔前に出た名詞をさして〕1つのもの
one,[代],人，もの
one-legged,[形],一本脚の
only,[副],ただ～だけ，ほんの
only,[形],ただひとつの
onto,[前],～の上に
open,[動],～を開ける，開く
opinion,[名],意見
optimistic,[形],楽観的な
or,[接],または，あるいは
or,[接],すなわち
orange,[形],オレンジ（色）の
orange,[名],オレンジ（色），橙色
order,[名],注文
organization,[名],組織
other,[代],→ each
other,[代],ほかの物［人］ → some
other,[形],ほかの
other,[形],〔the other で〕（2つのうちの）もう一方の
our,[代],わたしたちの
ours,[代],わたしたちのもの
out,[副],外へ
out,[副],（事が）起こって → break
out,[副],見つけ出して → find
outside,[副],外に［へ，で］
over,[前],～のいたるところに，～の一面に → world
over,[前],〔数字の前で〕～以上
over,[前],～の上（空）の［に］
overseas,[副],外国へ［に，で］
overseas,[形],外国の
own,[形],〔my，your，his，her などと〕自身の
owner,[名],所有者
P.E.,[名],体育（physical education の略）
p.m.,[副],午後
pain,[名],痛み
paint,[動],～を（絵の具で）描く，ペンキを塗る
painting,[名],絵を描くこと
pair,[名],1組み，対
Pakistan,[名],パキスタン
Paralympics,[名],〔the をつけて〕パラリンピック（大会）
parent,[名],親，〔複数形で〕両親
Paris,[名],パリ（フランスの首都）
park,[名],公園
part,[名],部分
party,[名],パーティー
pass,[動],～を通過する
passion,[名],情熱
past,[名],過去
past,[形],過去の
pastry,[名],（クッキーなどの）ペーストリー
Paula,[名],ポーラ（女の人の名）
paw,[名],（動物の）足，手
pen,[名],ペン
penguin,[名],ペンギン
pension,[名],小さなホテル，寄宿学校
people,[名],〔複数扱いで〕人々
per,[前],～ごとに
percent,[名],パーセント
perform,[動],演じる
period,[名],授業時間，時限
period,[名],〔the をつけて，ある特定の〕時代
Perry,[名],ペリー（姓）（1853年，1854年に日本に来航したアメリカ合衆国海軍の軍人。1794～1858年）
person,[名],人
Peru,[名],ペルー
pet,[名],ペット
petition,[名],請願書
pharmacist,[名],薬剤師
Phoenix,[名],『火の鳥』
photo,[名],写真
photographer,[名],写真家
phrase,[名],言いまわし，表現
piano,[名],ピアノ
picture,[名],写真，絵
pile,[名],（ものの）山
pink,[名] [形],ピンク（の）
pitcher,[名],ピッチャー
pity,[名],残念なこと
pizza,[名],ピザ
place,[名],場所
plane,[名],飛行機
plant,[名],植物
platform,[名],プラットホーム
play,[動],（スポーツ・ゲーム）をする
play,[動],（楽器）を弾く
play,[動],遊ぶ
player,[名],選手
player,[名],演奏者
please,[副],どうぞ，お願いします
pocket,[名],ポケット
poet,[名],詩人
point,[名],ポイント，小数点
point,[名],考え，（話の）要点
police,[名],〔複数の〕警察官
polite,[形],礼儀正しい
political,[形],政治的な
pollute,[動],～を汚染する
pool,[名],プール
poor,[形],貧しい
popular,[形],人気のある
popularity,[名],人気
positive,[形],明白な
possible,[形],可能な
postbox,[名],郵便ポスト，郵便受け
power,[名],力
powerful,[形],強力な
practice,[動],（～を）練習する
practice,[名],練習
praise,[動],～をほめる
pray,[動],祈る
precious,[形],貴重な
precious,[形],たいせつな，いとしい
prepare,[動],～を準備する
present,[名],贈りもの
present,[動],～を示す，紹介する
president,[名],社長
pretty,[形],きれいな，かわいらしい
priest,[名],牧師，僧侶
prison,[名],ろう獄
problem,[名],問題
produce,[動],～を創作する
program,[名],（テレビ・ラジオの）番組
project,[名],プロジェクト
protect,[動],～を保護する
proud,[形],誇りをもっている
public,[形],公共の
publish,[動],～を出版する
puppy,[名],子犬
put,[動],～を置く
put,[動],put の過去形
question,[名],質問，問い
question,[動],～に質問する
quickly,[副],急いで，速く
quiet,[形],静かな
quite,[副],かなり
rabbit,[名],ウサギ
raccoon,[名],アライグマ
racket,[名],ラケット
radio,[名],ラジオ
rain,[動],雨が降る
rainwater,[名],雨水
rainy,[形],雨降りの
raise,[動],～を育てる
rating,[名],（テレビの）視聴率
reach,[動],～に達する
react,[動],反応する
read,[動],（～を）読む
read,[動],read の過去形
read,[動],read の過去分詞形
reader,[名],読者
realize,[動],～を実現する
really,[副],本当に
reason,[名],理由
rebuild,[動],～を再建する
receive,[動],～を受け取る
recently,[副],最近
recipe,[名],料理法，レシピ
recommend,[動],～を勧める
recycle,[動],～を再利用する
red,[名] [形],赤色，赤い
reef,[名],礁
refreshed,[形],気分がすっきりして
regular,[形],通常の
relative,[名],親類
remember,[動],～を思い出す，覚えている
remind,[動],思い出させる
repair,[動],～を修理する
report,[名],報告書，レポート
report,[動],報告する
reproach,[名],非難
researcher,[名],研究者
resource,[名],資源
respect,[動],～を尊敬する
respond,[動],答える
rest,[動],休憩する
restaurant,[名],レストラン
return,[動],～を戻す，返す
rice,[名],米，ごはん
rich,[形],金持ちの，豊かな
ride,[動],～に乗る
ride,[名],（乗りものに）乗ること
right,[名],右，右側
right,[形],正しい，まちがいない，よい
right,[副],右に［へ］→ turn
right,[副],ちょうど，まさに
right,[副],まっすぐに
river,[名],川
road,[名],道，道路
roast,[形],ローストした，焼いた
Robert,[名],ロバート（男の人の名）
robot,[名],ロボット
roll,[動],巻く
Ron,[名],ロン（男の人の名）
Ronald,[名],ロナルド（男の人の名）
room,[名],部屋
rope,[名],ロープ，なわ
rose,[名],バラ
round,[形],丸い
round,[名],（試合などの）～回戦
rugby,[名],ラグビー
rule,[名],規則，規定
run,[動],走る
Russia,[名],ロシア
sad,[形],悲しい
safe,[名],金庫
safe,[形],安全な
said,[動],say の過去形
sailing,[名],航海（術）
sailor,[名],船乗り
salad,[名],サラダ
salt,[名],塩
salty,[形],塩辛い
Sam,[名],サム（男の人の名）
same,[形],同じ
sandwich,[名],サンドイッチ
sang,[動],sing の過去形
Sara,[名],サラ（女の人の名）
sat,[動],sit の過去形
Saturday,[名],土曜日
save,[動],～をとっておく
save,[動],～を救う
saw,[動],see の過去形
say,[動],～と書いてある
say,[動],～と［を］言う
scare,[動],～を怖がらせる
school,[名],学校，授業 → after
schoolyard,[名],校庭
science,[名],理科（教科名），科学
scientist,[名],科学者
scold,[動],～をしかる
scone,[名],スコーン
screen,[名],画面，スクリーン
sea,[名],〔the をつけて〕海
season,[名],季節
second,[名] [形],2日，2番め（の）
second,[副],第2に，次に
see,[動],～を見る，～が見える
see,[動],（～を）理解する，わかる
see,[動],～に会う
see,[動],（医者に）診てもらう
seed,[名],種
seen,[動],see の過去分詞形
selfish,[形],利己的な
sell,[動],～を売る
send,[動],～を送る
Senegal,[名],セネガル
sense,[名],感覚
sent,[動],send の過去分詞形
September,[名],9月
serious,[形],〔病気・けがが〕重い，深刻な
serve,[動],（食事・飲みもの）を出す
server,[名],（レストランの）給仕係
service,[名],礼拝
set,[動],～を（動かないように）置く，設置する
set,[動],始める，取りかかる
setting,[名],環境
seven,[名] [形],7（の）
seventeen,[名] [形],17（の）
seventeenth,[名] [形],17日，17番め（の）
seventh,[名] [形],7日，7番め（の）
seventy,[名] [形],70（の）
several,[形],いくつかの
sew,[動],～を縫う，縫いつける
shall,[助],～でしょう
share,[動],～を共有する
shark,[名],サメ
she,[代],彼女は［が］
she's,,← she is
shine,[動],輝く
ship,[名],船
shirt,[名],シャツ
shock,[動],〔be shocked で〕ショックを受ける
shoe,[名],靴
shoot,[動],～を撃つ
shop,[名],店
shopping,[名],買いもの → go
short,[形],短い
short,[形],背が低い
shortcoming,[名],欠点
shot,[動],shoot の過去分詞形
should,[助],～すべきである，したほうがよい
show,[名],ショー，テレビ番組
show,[動],～を示す，見せる，教える
shown,[動],show の過去分詞形
shy,[形],恥ずかしがりの
sick,[形],病気の
sign,[名],看板，標識
silver,[形],銀（色の）
simple,[形],単純な
since,[前],～以来
since,[接],～して以来
sing,[動],（～を）歌う
Singapore,[名],シンガポール
sink,[名],洗面台
sink,[動],～を沈める
sir,[名],〔男性に対する敬称，または改まった呼びかけ〕～さん
sister,[名],姉妹，姉，妹
sit,[動],すわる
situation,[名],状況
six,[名] [形],6（の）
sixteen,[名] [形],16（の）
sixth,[名] [形],6日，6番め（の）
sixty,[名] [形],60（の）
skate,[動],スケートをする
sketch,[動],～を写生する
ski,[動],スキーをする
skier,[名],スキーヤー
skiing,[名],スキー
skill,[名],技能
skillful,[形],熟練した
skin,[名],肌
sky,[名],空
sleep,[動],眠る，寝る
sleepy,[形],眠い
sleeve,[名],袖
slow,[形],遅い
small,[形],小さい
smart,[形],賢い
smile,[名],笑顔
snack,[名],軽食
snow,[名],雪
snowboarding,[名],スノーボード
snowy,[形],雪の降る
so,[副],そんなに，とても
so,[副],そう，そのように
so,[接],それで，だから
so,[接],〔相手の発言を受けて〕じゃあ，そうか
soccer,[名],サッカー
Sofia,[名],ソフィア（女の人の名）
soft,[形],柔らかい
softball,[名],ソフトボール
sold,[動],sell の過去分詞形
soldier,[名],兵士
solve,[動],～を解決する
some,[形],〔数や量を示して〕いくつかの，いくらかの
some,[形],なかには～もある
some,[代],何人［何匹］か，いくつか，いくらか
someday,[副],いつか
somehow,[副],どうにか
someone,[代],だれか，ある人
something,[代],何か，あるもの
sometimes,[副],ときどき
song,[名],歌
soon,[副],すぐに，じきに
sorry,[間],すみません
sound,[動],〔sound ＋形容詞で〕～に聞こえる，思える
sound,[名],音
sour,[形],すっぱい
south,[名],〔通例 the ～で〕南，南方
spaghetti,[名],スパゲッティ
sparrow,[名],スズメ
speak,[動],（～を）話す
special,[形],特別な
species,[名],種
speech,[名],スピーチ，演説
spend,[動],（～を）過ごす
spirit,[名],霊，精霊
spirit,[名],精神，心
spiritually,[副],精神的に
spoke,[動],speak の過去形
spoken,[動],speak の過去分詞形
sport,[名],スポーツ
spread,[動],～が広がる
spring,[名],春
square,[形],正方形の
squid,[名],イカ
stadium,[名],競技場，スタジアム
stage,[名],ステージ，舞台
stamp,[名],切手
stand,[動],立つ，起立する
stand,[名],屋台
star,[名],星
star,[名],スター，主演俳優
star-shaped,[形],星形の
start,[動],始まる
start,[動],～を始める
start,[名],始まり
station,[名],駅
statue,[名],像
stay,[名],滞在
stay,[動],滞在する，とどまる
steal,[動],～を盗む
step,[名],（階段などの）段
step,[名],段階
still,[副],まだ，依然として
still,[副],それでも
stole,[動],steal の過去形
stomachache,[名],胃痛
stone,[名],石
stood,[動],stand の過去形
stop,[動],止まる
stop,[動],～を止める
store,[名],店
story,[名],物語
story,[名],報告，記事
straight,[副],まっすぐ
strange,[形],奇妙な，不思議な
street,[名],通り
strong,[形],力強い，丈夫な
strong,[形],強力な，（影響力が）多大な
student,[名],生徒，学生
study,[動],（～を）勉強する，研究する
style,[名],様式，やり方
subject,[名],教科
submersible,[名],潜水艇
subway,[名],地下鉄
success,[名],成功
successful,[形],成功した
successfully,[副],首尾よく
such,[形],そのような，そんな
suddenly,[副],突然に
Sue,[名],スー（女の人の名）
sugar,[名],砂糖
suit,[名],（ある目的のための）衣服
summer,[名],夏
sun,[名],太陽
Sunday,[名],日曜日
sunflower,[名],ひまわり
sunny,[形],晴れた
supermarket,[名],スーパーマーケット
support,[名],支援
sure,[形],確信して
sure,[副],〔返事で〕もちろん
surface,[名],表面
surprised,[形],驚いた
surprising,[形],驚くべき
survey,[名],調査
survive,[動],生き延びる
Susan,[名],スーザン（女の人の名）
suspicious,[形],疑いを示す
Suzanna,[名],スザンナ（女の人の名）
swam,[動],swim の過去形
sweater,[名],セーター
Sweden,[名],スウェーデン
Swedish,[形],スウェーデンの
sweep,[動],～を掃く
sweet,[形],思いやりのある，かわいらしい
sweet,[形],甘い
sweet,[名],〔複数形で〕（甘い）菓子
swim,[動],泳ぐ
swimming,[名],水泳
Sydney,[名],シドニー（オーストラリアの都市）
symbol,[名],象徴，シンボル
system,[名],装置，システム
table,[名],テーブル
tablet,[名],（石などの）平板
tackle,[動],～に取り組む
take,[動],（ふろ）に入る → bath
take,[動],～を持って行く，つれて行く
take,[動],（写真・ビデオ）を撮る
take,[動],（時間）がかかる
take,[動],（乗りもの）に乗って行く
take,[動],～を取る
take,[動],（注文）を受ける
take,[動],（道など）を取って進む
taken,[動],take の過去分詞形
talent,[名],才能
talk,[動],話す，しゃべる
tall,[形],（建物などが）高い
tank,[名],槽，タンク
Tao,[名],タオ（男の人の名）
taste,[名],味
taught,[動],teach の過去形
tea,[名],お茶，紅茶
teach,[動],～を教える
teacher,[名],先生，教師
team,[名],チーム
teammate,[名],チームの一員
tease,[動],～をからかう
technique,[名],技術，技
Ted,[名],テッド（男の人の名）
tell,[動],～に話す，知らせる
tell,[動],〔tell ～ about ... で〕～に…について話す
tell,[動],〔tell ～ to ... で〕～に…するように命じる，言う
temple,[名],寺
ten,[名] [形],10（の）
tennis,[名],テニス
tent,[名],テント
tenth,[名] [形],10日，10番め（の）
terrible,[形],きわめてひどい，ひどく悪い
terror,[名],恐怖
test,[名],試験
textbook,[名],教科書，教本
Thailand,[名],タイ
than,[前],～よりも
thank,[動],～に感謝する
thank,[名],Thanks. ありがとう。
thankful,[形],感謝している
that,[代],〔離れたところの人をさして〕あの人
that,[代],〔離れたところのものをさして〕あれ，それ
that,[代],〔前に述べたもの［こと］をさして〕それ
that,[代],〔反復の代用語として〕それ
that,[代],〔情報をつけ加えるとき〕（関係代名詞）
that,[形],あの，その
that,[接],～ということ
that's,,← that is
the,[冠],その〔相手にはっきりわかるものや，前に出た名詞をくり返すときにつける〕
the,[冠],〔楽器の前に〕
the,[冠],〔チーム名に〕
the,[冠],〔固有名詞とともに〕
the,[冠],〔same や first，last などの前に〕
the,[冠],〔形容詞などの最上級の前に〕
their,[代],それらの，彼らの，彼女らの
theirs,[代],それらのもの，彼らのもの，彼女らのもの
them,[代],彼らを［に］，彼女らを［に］，それらを［に］
themselves,[代],それら自身，彼ら自身，彼女ら自身
then,[副],そのときに
then,[副],それから，その後
then,[副],それでは，それじゃ
there,[副],そこに［で］，そこへ
there,[副],〔There is [are] ～で〕～がいる［ある］
there's,,← there is
these,[形],これらの
these,[代],これら
they,[代],彼らは［が］，彼女らは［が］，それらは［が］
they'll,,← they will
they're,,← they are
thing,[名],もの，こと
think,[動],（～と）思う，考える
thinking,[名],考え，意見
third,[名] [形],3日，3番め（の）
thirsty,[形],のどが渇いた
thirteen,[名] [形],13（の）
thirteenth,[名] [形],13日，13番め（の）
thirtieth,[名] [形],30日，30番め（の）
thirty,[名] [形],30（の）
this,[代],〔近くのものをさして〕これ
this,[代],〔近くの人をさして〕こちら，この人
this,[代],〔電話などで〕こちら（話している本人）
this,[代],これ，このこと
this,[形],この
those,[形],〔that の複数形〕それらの，あれらの
those,[代],それら［あれら］のもの［人］
though,[接],～にもかかわらず
thought,[動],think の過去形
thought,[名],考え
thousand,[名] [形],1000（の）
three,[名] [形],3（の）
thrilled,[形],（～で）ぞくぞくして
through,[前],～を通して
throw,[動],～を投げる
Thursday,[名],木曜日
ticket,[名],チケット，切符
tie,[名],きずな，つながり
tiger,[名],トラ
time,[名],時間，時期
time,[名],期間，間
time,[名],～回，～度
tired,[形],疲れた
to,[前],〔to＋動詞の原形で「～するために」「～して」「～するのに」〕→ nice
to,[前],〔方向・到着点を示して〕～に［へ］
to,[前],～まで
to,[前],〔動作の対象を示して〕～に
to,[前],〔to＋動詞の原形で「～すること」〕
to,[前],〔to＋動詞の原形で「～する（ための），～すべき」〕
Toad,[名],〔物語の登場人物の名〕ガマくん
today,[副],今日（は）
today,[副],現在（で）は
today,[名],今日
today,[名],現代，こんにち
together,[副],いっしょに
toilet,[名],トイレ
told,[動],tell の過去形
Tom,[名],トム（男の人の名）
tomorrow,[副],あした
tonight,[副],今夜
too,[副],～も（また）
too,[副],あまりに
took,[動],take の過去形
toolbox,[名],道具箱
top,[名],てっぺん，上
top,[形],上位の
toss,[動],ほうり上げる
touch,[名],連絡，接触
tour,[名],ツアー，巡業
tourists,[名],観光客
tower,[名],塔
town,[名],町
toy,[名],おもちゃ
tradition,[名],伝統
traditional,[形],伝統的な
train,[名],列車，電車
trainer,[名],トレーナー，コーチ
training,[名],訓練
translate,[動],～を翻訳する
travel,[動],～を旅行する
treat,[名],もてなし，ごちそう
tree,[名],木，樹木
trick,[名],いたずら，悪ふざけ
trip,[名],旅行
tropical,[形],熱帯（地方）の
trouble,[名],迷惑，やっかい
trumpet,[名],トランペット
truth,[名],真実
try,[動],（～を）試す
try,[動],～しようとする
Tube,[名],〔the をつけて〕（ロンドンの）地下鉄
Tuesday,[名],火曜日
turkey,[名],七面鳥
turn,[名],順番，番
turn,[動],曲がる
turn,[動],～をかえる
turn,[動],向きをかえる
turn,[動],～を回転させる，回す
turtle,[名],カメ
TV,[名],テレビ
twelfth,[名] [形],12日，12番め（の）
twelve,[名] [形],12（の）
twentieth,[名] [形],20日，20番め（の）
twenty,[名] [形],20（の）
twenty-first,[名] [形],21日，21番め（の）
twice,[副],2度
two,[名] [形],2（の）
U.K.（＝United Kingdom）,[名],〔theをつけて〕イギリス
U.S.（＝United States）,[名],〔the をつけて〕（アメリカ）合衆国
Uganda,[名],ウガンダ
um,[間],えーと
umami,[名],うま味
umbrella,[名],傘
unbelievable,[形],信じられない（ほどの）
uncle,[名],おじ
under,[前],～の（真）下の［に］
understand,[動],～を理解する
understood,[動],understand の過去形
underwear,[名],下着
unicycle,[名],一輪車
uniform,[名],ユニフォーム，制服
unite,[動],～を一体にする
unity,[名],1つであること
until,[前],～まで
up,[副],〔動きを示して〕上に［へ］→ get
up,[副],（時間が）終わって
up,[前],～の上方に［へ］
upper,[形],さらに上の，高い方の
upset,[形],取り乱している，怒った
us,[代],わたしたちを［に］
USA,[名],〔the をつけて〕アメリカ合衆国＝United States of America
use,[動],～を使う
use,[名],使用
used,[動],〔used to ～で〕かつて～だった，よく～したものだ
used,[形],慣れている
useful,[形],役立つ
usually,[副],ふだん，ふつう
vacation,[名],休暇
vampire,[名],吸血鬼
variety,[名],バラエティー，変化（に富むこと）
various,[形],いろいろな
vegetable,[名],野菜
very,[副],とても，ひじょうに
video,[名],（テレビの）映像
Vietnam,[名],ベトナム
Vietnamese,[形],ベトナム（人）の
viewer,[名],視聴者
violin,[名],バイオリン
visit,[動],～を訪れる，訪ねる
visitor,[名],訪問者，滞在客
voice,[名],声
volleyball,[名],バレーボール
volunteer,[名],ボランティア
wagon,[名],荷馬車
wait,[動],待つ
wake,[動],（人）を起こす
walk,[名],散歩
walk,[動],歩く
walk,[動],～を散歩させる
walker,[名],散歩する人→ puppy
wall,[名],壁
want,[動],～がほしい
want,[動],〔want to ～で〕～したい
want,[動],（人に）～してもらいたい
war,[名],戦争
warm,[形],暖かい
warm,[動],～を温める
warmly,[副],温かく
was,[動] [助],am，is の過去形
was,[動] [助],〔was ～ing で〕～していた
was,[動] [助],〔was ＋過去分詞形で受け身を表す〕
wash,[動],～を洗う
wasn't,,← was not
waste,[形],廃棄の
watch,[名],腕時計
watch,[動],～を見る
water,[名],水
water,[名],水位，水面
waterproof,[形],防水の
Watson,[名],ワトソン（姓）
way,[名],方法，やり方
way,[名],道，通り道
we,[代],わたしたちは［が］
we'd,,← we would
we'll,,← we will
we're,,← we are
we've,,← we have
weak,[形],弱い
wear,[動],～を着る，身につける
wearable,[形],着用できる
weather,[名],天気，天候
website,[名],ウェブサイト，ホームページ
Wednesday,[名],水曜日
week,[名],週
weekend,[名],週末
welcome,[間],ようこそ
welcome,[形],歓迎される
welcome,[動],～を歓迎する
well,[副],上手に，うまく
well,[副],よく
well,[間],そうですね，えーと，さて
well,[形],健康で
well,[名],井戸
went,[動],go の過去形
were,[動] [助],are の過去形
were,[動] [助],〔were ～ing で〕～していた
were,[動] [助],〔were ＋過去分詞形で受け身を表す〕
weren't,,← were not
West,[名],ウェスト（姓）
west,[名],〔通例 the ～で〕西，西方
what,[代],何，どんなもの［こと］
what,[形],何の，どんな
what,[間],〔驚きなどで〕何だって
what's,,← what is
when,[副],いつ
when,[接],～（する）とき，～（した）とき
where,[副],どこに［で］
which,[代],どちら，どれ
which,[代],〔情報をつけ加えるとき〕（関係代名詞）
which,[形],どちらの，どの
while,[接],～する間に
white,[名] [形],白色，白い
white,[形],白人の
White,[名],ホワイト（姓）
Whitfield,[名],ホイットフィールド（姓）
who,[代],だれ，どんな人
who,[代],〔情報をつけ加えるとき〕（関係代名詞）
who's,,← who is
whose,[代],だれの
why,[副],なぜ，どうして
wild,[形],野生の
will,[助],～するつもりです
will,[助],～でしょう
win,[動],勝つ
window,[名],窓
winter,[名],冬
wish,[名],願い
witch,[名],女の魔法使い
with,[前],～と（いっしょに）
with,[前],～を使って，～で
with,[前],～を持って，～のついた
with,[前],～に関して
with,[前],～について
with,[前],〔様態〕～を示して，～をもって
without,[前],～のない，～なしに
woman,[名],女の人
women,[名],woman の複数形
won,[動],win の過去形
won't,,← will not
wonder,[動],～をふしぎに思う
wonderful,[形],すばらしい
wood,[名],〔しばしば woods で〕森
word,[名],語，ことば
work,[動],働く，努力する
work,[名],仕事
work,[名],作品
worker,[名],労働者
workshop,[名],ワークショップ，研修会
world,[名],〔the をつけて〕世界
worldwide,[形],世界的な
worry,[動],心配する
would,[助],→ like
would,[助],will の過去形
wow,[間],うわ，わあ（喜びなどの叫び）
wreck,[動],～を難破させる
write,[動],～を書く
written,[動],write の過去分詞形
wrong,[形],調子が悪い
wrote,[動],write の過去形
yard,[名],中庭，庭，囲い地
yeah,,#NAME?
year,[名],年，1年
yellow,[名] [形],黄色，黄色い
yen,[名],円
yes,[副],〔返事で〕はい
yesterday,[副],昨日
yesterday,[名],昨日
yet,[接],けれども
yet,[副],〔否定文で〕まだ（～ない）
yogurt,[名],ヨーグルト
you,[代],あなたに［を］
you,[代],あなたは［が］
you,[代],あなたたちは［が］
you,[代],あなたたちに［を］
you'll,,← you will
you're,,← you are
young,[形],若い
your,[代],あなたの
your,[代],あなたたちの
yours,[代],あなたのもの
yours,[代],"〔通例 Yours, で手紙の結びのことば〕敬具"
yourself,[代],あなた自身
yum,[間],おいしい
Zambia,[名],ザンビア
zero,[名] [形],ゼロ（の），零（の）
zoo,[名],動物園
zookeeper,[名],動物園の飼育係